{"cameraMode":{"drawMode":0,"name":"Shaded","section":"Shading Mode"},"sceneLighting":true,"audioPlay":false,"sceneViewState":{"m_AlwaysRefresh":false,"showFog":true,"showSkybox":true,"showFlares":true,"showImageEffects":true,"showParticleSystems":true,"showVisualEffectGraphs":true,"m_FxEnabled":true},"in2DMode":false,"pivot":{"x":-100.91973876953125,"y":27.019725799560548,"z":-47.6966552734375},"rotation":{"x":0.09132165461778641,"y":-0.3736429810523987,"z":-0.036994244903326038,"w":-0.9223264455795288},"size":12.461819648742676,"orthographic":false}