{"cameraMode":{"drawMode":0,"name":"Shaded","section":"Shading Mode"},"sceneLighting":true,"audioPlay":false,"sceneViewState":{"m_AlwaysRefresh":false,"showFog":true,"showSkybox":true,"showFlares":true,"showImageEffects":true,"showParticleSystems":true,"showVisualEffectGraphs":true,"m_FxEnabled":true},"in2DMode":false,"pivot":{"x":7.239001274108887,"y":8.307703971862793,"z":-36.605403900146487},"rotation":{"x":-0.08117010444402695,"y":0.03528907150030136,"z":-0.0028757434338331224,"w":-0.9960820078849793},"size":0.2797311246395111,"orthographic":false}